<?xml version="1.0" encoding="UTF-8"?>
<project-private xmlns="http://www.netbeans.org/ns/project-private/1">
    <editor-bookmarks xmlns="http://www.netbeans.org/ns/editor-bookmarks/2" lastBookmarkId="0"/>
    <open-files xmlns="http://www.netbeans.org/ns/projectui-open-files/2">
        <group>
            <file>file:/F:/CIS-17B-48707%20C++%20Prog-Advenced/Homework%20DUE/Assignment%204%20DUE%20Oct%2012,%202017/Surveyclass/form.html</file>
            <file>file:/F:/CIS-17B-48707%20C++%20Prog-Advenced/Homework%20DUE/Assignment%204%20DUE%20Oct%2012,%202017/Surveyclass/radio.html</file>
            <file>file:/F:/CIS-17B-48707%20C++%20Prog-Advenced/Homework%20DUE/Assignment%204%20DUE%20Oct%2012,%202017/Surveyclass/getform.html</file>
            <file>file:/F:/CIS-17B-48707%20C++%20Prog-Advenced/Homework%20DUE/Assignment%204%20DUE%20Oct%2012,%202017/Surveyclass/getForm.js</file>
            <file>file:/F:/CIS-17B-48707%20C++%20Prog-Advenced/Homework%20DUE/Assignment%204%20DUE%20Oct%2012,%202017/Surveyclass/Survey.js</file>
            <file>file:/F:/CIS-17B-48707%20C++%20Prog-Advenced/Homework%20DUE/Assignment%204%20DUE%20Oct%2012,%202017/Surveyclass/Question.js</file>
            <file>file:/F:/CIS-17B-48707%20C++%20Prog-Advenced/Homework%20DUE/Assignment%204%20DUE%20Oct%2012,%202017/Surveyclass/newCascadeStyleSheet.css</file>
        </group>
    </open-files>
</project-private>
