<?xml version="1.0" encoding="UTF-8"?>
<project-private xmlns="http://www.netbeans.org/ns/project-private/1">
    <editor-bookmarks xmlns="http://www.netbeans.org/ns/editor-bookmarks/2" lastBookmarkId="0"/>
    <open-files xmlns="http://www.netbeans.org/ns/projectui-open-files/2">
        <group>
            <file>file:/I:/CSC/mlehr/LehrMark_CIS_CSC_17b_Fall2017/lab/Compare_Get__Functions_Arrays/JavascriptSavingsFunctions.js</file>
            <file>file:/I:/CSC/mlehr/LehrMark_CIS_CSC_17b_Fall2017/lab/Compare_Get__Functions_Arrays/Savings.html</file>
            <file>file:/I:/CSC/mlehr/LehrMark_CIS_CSC_17b_Fall2017/lab/Compare_Get__Functions_Arrays/_GET_Savings.php</file>
            <file>file:/I:/CSC/mlehr/LehrMark_CIS_CSC_17b_Fall2017/lab/Compare_Get__Functions_Arrays/_GET_Savings.html</file>
            <file>file:/I:/CSC/mlehr/LehrMark_CIS_CSC_17b_Fall2017/lab/Compare_Get__Functions_Arrays/PHPFormPost.html</file>
            <file>file:/I:/CSC/mlehr/LehrMark_CIS_CSC_17b_Fall2017/lab/Compare_Get__Functions_Arrays/_POST_Savings.php</file>
            <file>file:/I:/CSC/mlehr/LehrMark_CIS_CSC_17b_Fall2017/lab/Compare_Get__Functions_Arrays/PHPFormGet.html</file>
            <file>file:/I:/CSC/mlehr/LehrMark_CIS_CSC_17b_Fall2017/lab/Compare_Get__Functions_Arrays/PHPSavingsFunctions.php</file>
        </group>
    </open-files>
</project-private>
